student_id,gender,study_time_hours,attendance_percent,sleep_hours,internet_access,extracurricular_activities,part_time_job,previous_grade,final_exam_score,final_grade,total_productive_hours
1,male,4.0,98,6.5,Yes,Yes,No,76.9,100.0,A,10.5
2,female,6.3,100,5.7,Yes,Yes,Yes,75.5,100.0,A,12.0
3,male,4.9,85,7.9,Yes,No,Yes,88.5,97.3,A,12.8
4,male,2.6,77,8.0,Yes,Yes,No,85.1,83.8,B,10.6
5,male,2.2,89,4.6,Yes,No,Yes,61.8,68.3,D,6.8
6,female,4.2,78,5.7,Yes,No,No,79.8,81.6,B,9.9
7,male,1.5,100,5.0,Yes,Yes,Yes,58.6,69.6,D,6.5
8,male,6.2,86,6.0,Yes,Yes,No,78.4,88.0,B,12.2
9,male,5.3,81,6.7,Yes,No,No,63.8,84.4,B,12.0
10,female,2.8,86,5.1,Yes,Yes,No,57.7,74.3,C,7.8999999999999995
11,male,0.9,71,5.7,Yes,No,Yes,73.4,68.9,D,6.6000000000000005
12,male,5.5,75,5.6,Yes,Yes,No,37.9,76.7,C,11.1
13,male,3.3,97,7.0,Yes,Yes,Yes,49.0,82.6,B,10.3
14,male,5.4,78,6.9,No,No,No,67.9,93.3,A,12.3
15,female,1.1,74,5.9,Yes,Yes,Yes,71.0,73.9,C,7.0
16,male,2.6,90,7.0,Yes,Yes,No,65.6,84.8,B,9.6
17,female,3.5,96,6.1,Yes,Yes,No,51.0,81.5,B,9.6
18,female,3.6,92,6.5,Yes,Yes,Yes,60.2,75.5,C,10.1
19,female,2.8,95,8.8,No,Yes,No,74.7,89.7,B,11.600000000000001
20,male,4.4,77,8.4,No,No,Yes,77.0,92.8,A,12.8
21,female,1.9,70,5.2,Yes,Yes,No,69.8,73.5,C,7.1
22,male,3.3,100,7.8,Yes,Yes,No,83.9,100.0,A,11.1
23,female,3.7,81,7.8,No,No,No,74.8,73.4,C,11.5
24,female,4.3,82,5.4,No,Yes,No,61.0,71.2,C,9.7
25,female,4.6,98,7.8,Yes,Yes,Yes,66.6,97.2,A,12.399999999999999
26,female,1.8,90,8.6,Yes,No,No,53.2,76.0,C,10.4
27,female,1.2,89,5.5,Yes,No,Yes,68.7,78.7,C,6.7
28,female,5.4,100,5.7,No,No,No,83.3,97.4,A,11.100000000000001
29,female,4.0,78,8.0,Yes,No,No,78.2,84.2,B,12.0
30,female,2.4,94,7.1,Yes,Yes,No,86.8,89.8,B,9.5
31,male,5.8,85,7.5,Yes,No,Yes,66.4,82.4,B,13.3
32,male,3.7,87,7.2,Yes,Yes,No,86.2,87.7,B,10.9
33,female,5.3,100,7.3,Yes,Yes,No,67.7,100.0,A,12.6
34,female,3.6,90,5.2,No,Yes,No,87.7,93.3,A,8.8
35,female,6.6,90,8.1,Yes,Yes,Yes,69.7,100.0,A,14.7
36,male,6.1,95,8.2,Yes,Yes,Yes,78.5,92.9,A,14.299999999999999
37,female,3.1,81,6.5,Yes,No,Yes,87.7,83.2,B,9.6
38,male,5.0,76,6.7,Yes,Yes,No,67.7,81.1,B,11.7
39,male,4.5,74,5.0,Yes,Yes,Yes,72.6,89.5,B,9.5
40,male,5.6,65,7.4,Yes,Yes,No,85.5,91.6,A,13.0
41,male,2.1,100,7.5,Yes,Yes,Yes,68.4,75.3,C,9.6
42,male,4.5,74,6.7,Yes,No,No,54.1,79.0,C,11.2
43,female,5.1,82,8.1,Yes,Yes,No,95.7,100.0,A,13.2
44,female,0.9,82,6.4,Yes,Yes,No,64.4,79.2,C,7.300000000000001
45,female,1.7,88,7.5,No,Yes,No,71.9,70.8,C,9.2
46,female,0.5,93,5.6,No,No,Yes,83.9,61.8,D,6.1
47,female,3.1,93,6.8,Yes,Yes,Yes,62.7,68.0,D,9.9
48,male,4.6,79,6.6,Yes,Yes,Yes,57.9,80.3,B,11.2
49,female,5.8,83,7.1,No,Yes,No,73.0,88.6,B,12.899999999999999
50,female,3.6,87,6.4,Yes,Yes,No,48.5,69.4,D,10.0
51,male,5.9,82,6.6,Yes,Yes,No,66.5,100.0,A,12.5
52,female,1.4,100,7.8,No,No,No,72.9,81.8,B,9.2
53,male,0.9,89,6.3,Yes,No,No,66.8,72.6,C,7.2
54,female,3.4,92,4.9,Yes,No,No,51.5,85.3,B,8.3
55,male,4.1,91,8.9,No,Yes,No,89.1,99.8,A,13.0
56,female,3.5,96,8.5,Yes,Yes,Yes,71.2,84.3,B,12.0
57,female,0.5,86,5.2,Yes,Yes,No,87.2,71.5,C,5.7
58,male,3.4,72,7.6,Yes,No,No,66.9,84.3,B,11.0
59,male,1.5,89,6.2,Yes,No,No,59.4,74.5,C,7.7
60,male,4.5,78,7.1,Yes,No,No,73.2,89.5,B,11.6
61,male,4.0,79,7.2,Yes,Yes,No,67.4,80.4,B,11.2
62,male,2.1,90,6.5,No,Yes,Yes,55.9,71.1,C,8.6
63,male,2.7,97,5.9,Yes,Yes,No,87.6,87.8,B,8.600000000000001
64,male,1.9,85,6.0,Yes,No,No,62.5,73.0,C,7.9
65,male,3.4,88,5.7,Yes,No,Yes,47.9,80.8,B,9.1
66,female,4.9,100,5.8,Yes,No,No,85.9,97.4,A,10.7
67,female,2.0,87,6.7,Yes,Yes,No,63.9,67.8,D,8.7
68,male,4.3,100,5.9,No,Yes,No,62.7,79.2,C,10.2
69,female,2.7,90,7.6,No,No,Yes,48.8,73.5,C,10.3
70,female,2.3,67,8.6,Yes,No,No,90.9,85.1,B,10.899999999999999
71,female,3.3,92,6.1,Yes,Yes,No,54.5,79.6,C,9.399999999999999
72,female,1.9,88,7.1,Yes,Yes,No,70.7,77.4,C,9.0
73,male,2.7,97,7.4,Yes,Yes,No,81.0,94.6,A,10.100000000000001
74,female,1.7,91,7.4,Yes,Yes,No,75.1,77.6,C,9.1
75,male,6.4,83,6.9,Yes,Yes,No,69.3,99.9,A,13.3
76,female,3.6,72,7.7,No,No,No,49.6,64.4,D,11.3
77,female,2.5,82,7.4,Yes,Yes,No,60.3,71.9,C,9.9
78,female,3.8,76,5.3,Yes,Yes,No,72.3,79.3,C,9.1
79,male,3.3,79,7.8,Yes,Yes,Yes,60.6,74.9,C,11.1
80,female,3.2,90,7.9,Yes,No,No,72.4,87.4,B,11.100000000000001
81,male,4.4,100,5.9,Yes,No,No,78.2,97.6,A,10.3
82,female,4.6,88,6.8,Yes,Yes,No,81.6,74.5,C,11.399999999999999
83,male,2.7,73,7.6,Yes,No,Yes,55.3,64.1,D,10.3
84,female,2.6,89,6.5,Yes,No,No,96.4,90.0,A,9.1
85,male,3.1,97,8.1,Yes,Yes,Yes,79.2,99.3,A,11.2
86,male,0.5,78,9.6,Yes,Yes,Yes,70.0,63.9,D,10.1
87,female,1.2,83,5.9,Yes,No,No,83.1,79.0,C,7.1000000000000005
88,male,5.6,85,5.1,Yes,No,No,98.4,100.0,A,10.7
89,female,6.0,77,7.2,Yes,No,No,52.7,78.9,C,13.2
90,female,3.1,91,7.7,Yes,No,Yes,67.3,84.5,B,10.8
91,female,4.4,83,6.5,Yes,No,No,41.5,71.7,C,10.9
92,female,4.0,89,8.5,Yes,Yes,Yes,72.3,86.3,B,12.5
93,female,7.35,76,5.2,Yes,Yes,No,74.4,98.3,A,13.3
94,female,5.2,80,7.6,Yes,Yes,No,69.5,88.1,B,12.8
95,female,3.3,92,6.1,Yes,Yes,No,62.1,99.6,A,9.399999999999999
96,female,2.1,81,8.9,Yes,No,No,45.4,74.8,C,11.0
97,female,1.1,100,9.2,Yes,No,Yes,74.5,87.4,B,10.299999999999999
98,female,3.8,81,5.9,No,No,No,87.5,88.5,B,9.7
99,female,2.4,87,6.1,Yes,Yes,Yes,62.9,65.2,D,8.5
100,male,1.4,94,7.8,No,No,No,75.3,79.2,C,9.2
101,male,2.5,70,6.3,Yes,Yes,No,51.2,74.5,C,8.8
102,female,1.9,67,6.7,Yes,Yes,Yes,75.5,66.3,D,8.6
103,female,6.0,69,6.8,No,No,No,65.3,89.5,B,12.8
104,female,4.8,97,4.5,Yes,No,No,60.9,92.7,A,9.3
105,female,3.5,79,6.8,Yes,No,Yes,60.9,87.2,B,10.3
106,female,5.7,100,6.0,Yes,Yes,Yes,65.3,92.5,A,11.7
107,female,3.6,79,6.2,Yes,Yes,Yes,74.6,75.7,C,9.8
108,female,2.2,86,8.5,Yes,Yes,No,54.3,74.0,C,10.7
109,female,5.8,100,5.3,Yes,Yes,No,65.2,100.0,A,11.1
110,male,4.3,100,7.8,No,No,Yes,69.5,75.5,C,12.1
111,female,1.9,100,6.5,Yes,No,Yes,56.8,61.7,D,8.4
112,male,3.2,97,6.5,No,No,No,91.6,91.4,A,9.7
113,female,2.2,95,7.7,No,Yes,No,59.8,72.7,C,9.9
114,female,1.4,90,7.2,Yes,No,No,62.0,74.6,C,8.6
115,male,4.9,92,7.5,Yes,Yes,No,58.3,96.5,A,12.4
116,female,6.4,79,8.0,No,No,Yes,91.6,94.5,A,14.4
117,male,1.4,76,6.4,No,Yes,No,76.6,59.3,F,7.800000000000001
118,female,4.3,85,6.1,Yes,Yes,No,58.8,96.2,A,10.399999999999999
119,female,2.5,83,5.5,Yes,Yes,Yes,83.3,75.3,C,8.0
120,male,2.8,80,5.8,Yes,No,No,72.4,73.3,C,8.6
121,female,2.6,92,10.0,Yes,Yes,No,73.1,95.8,A,12.6
122,male,2.2,94,8.3,Yes,Yes,No,65.9,81.0,B,10.5
123,female,3.6,85,5.2,Yes,No,Yes,61.0,76.5,C,8.8
124,male,2.3,99,5.2,Yes,Yes,No,74.1,88.1,B,7.5
125,male,3.9,73,7.4,Yes,Yes,No,63.5,88.1,B,11.3
126,female,3.4,83,7.5,Yes,Yes,No,91.8,92.1,A,10.9
127,female,3.1,77,7.5,Yes,Yes,No,54.8,85.2,B,10.6
128,male,2.1,66,6.5,Yes,No,Yes,88.4,63.0,D,8.6
129,female,2.6,84,6.6,Yes,No,Yes,68.7,81.1,B,9.2
130,female,4.6,83,7.2,Yes,Yes,No,73.6,87.1,B,11.8
131,female,4.3,100,6.9,Yes,No,Yes,80.0,100.0,A,11.2
132,male,2.0,91,4.1,Yes,Yes,No,62.4,75.7,C,6.1
133,male,3.6,74,6.5,No,Yes,No,80.4,77.3,C,10.1
134,male,4.6,100,5.8,Yes,Yes,No,37.5,85.6,B,10.399999999999999
135,male,1.0,97,7.0,Yes,Yes,No,61.4,80.8,B,8.0
136,male,4.3,90,10.0,Yes,Yes,No,58.9,94.5,A,14.3
137,male,2.5,82,7.2,No,No,Yes,55.0,59.7,F,9.7
138,male,4.4,75,6.4,Yes,No,No,67.4,80.9,B,10.8
139,male,2.4,81,7.9,Yes,Yes,No,74.6,82.6,B,10.3
140,male,0.8,95,7.4,Yes,No,No,78.4,80.2,B,8.200000000000001
141,female,1.1,100,7.3,Yes,No,Yes,72.9,82.4,B,8.4
142,male,3.6,100,7.5,Yes,No,No,62.0,75.9,C,11.1
143,female,3.9,80,9.3,Yes,No,Yes,74.4,88.5,B,13.200000000000001
144,female,2.1,73,5.4,Yes,Yes,Yes,71.5,69.6,D,7.5
145,female,4.5,86,7.4,Yes,No,Yes,81.2,86.8,B,11.9
146,male,1.0,67,5.7,Yes,No,No,79.3,65.2,D,6.7
147,male,3.4,88,7.5,Yes,No,Yes,70.4,82.0,B,10.9
148,male,1.7,83,5.7,Yes,Yes,Yes,59.2,46.8,F,7.4
149,male,2.5,80,6.3,Yes,Yes,Yes,62.2,68.6,D,8.8
150,female,3.6,69,6.4,Yes,Yes,Yes,63.4,69.2,D,10.0
151,male,2.2,90,8.0,Yes,Yes,No,66.2,84.7,B,10.2
152,male,2.9,79,7.9,Yes,Yes,Yes,73.2,75.9,C,10.8
153,male,5.0,73,5.3,Yes,No,Yes,78.6,84.7,B,10.3
154,male,2.6,56,6.9,No,Yes,No,69.4,75.7,C,9.5
155,male,4.8,84,5.9,Yes,No,No,70.2,95.4,A,10.7
156,female,1.8,100,5.3,Yes,Yes,No,71.7,87.6,B,7.1
157,male,4.3,100,6.5,Yes,No,No,63.8,87.7,B,10.8
158,female,5.7,80,6.4,Yes,Yes,Yes,58.9,89.3,B,12.100000000000001
159,male,0.5,79,9.7,Yes,Yes,No,48.9,63.7,D,10.2
160,female,2.3,89,7.3,Yes,No,Yes,61.7,74.0,C,9.6
161,male,4.4,75,5.1,Yes,No,No,75.7,87.9,B,9.5
162,male,3.2,88,6.1,Yes,No,No,61.6,76.6,C,9.3
163,female,4.1,92,8.0,Yes,Yes,Yes,67.1,97.3,A,12.1
164,female,2.6,97,9.3,Yes,Yes,No,75.6,90.2,A,11.9
165,female,3.6,84,4.9,Yes,No,No,76.2,88.7,B,8.5
166,male,3.3,83,4.5,Yes,Yes,No,57.0,84.8,B,7.8
167,female,5.3,76,9.0,Yes,No,No,82.0,100.0,A,14.3
168,male,3.9,76,7.3,Yes,Yes,No,83.5,82.1,B,11.2
169,male,4.0,82,5.8,No,Yes,Yes,56.4,75.1,C,9.8
170,female,2.9,88,7.4,No,Yes,Yes,60.1,78.1,C,10.3
171,female,2.8,94,3.6,Yes,Yes,No,84.3,92.9,A,6.4
172,male,2.9,77,6.8,Yes,No,No,68.2,71.8,C,9.7
173,male,4.1,99,7.2,Yes,No,No,43.4,78.5,C,11.3
174,female,2.9,82,7.9,Yes,Yes,No,53.2,82.6,B,10.8
175,female,3.9,84,5.6,Yes,No,No,67.0,79.2,C,9.5
176,female,6.6,77,6.9,Yes,Yes,No,56.0,89.7,B,13.5
177,male,4.8,60,5.7,Yes,Yes,No,65.0,89.2,B,10.5
178,male,3.0,93,7.1,No,Yes,No,70.4,81.7,B,10.1
179,male,5.3,92,5.7,Yes,No,No,87.5,96.7,A,11.0
180,male,2.9,82,6.3,Yes,No,No,66.5,73.7,C,9.2
181,male,0.5,85,5.6,Yes,No,No,82.9,77.1,C,6.1
182,male,2.0,90,7.6,Yes,No,Yes,87.1,76.5,C,9.6
183,female,0.7,69,7.8,Yes,No,No,87.2,73.2,C,8.5
184,male,3.0,79,6.5,Yes,No,No,73.4,83.6,B,9.5
185,male,3.5,92,6.8,Yes,No,No,46.4,85.8,B,10.3
186,male,6.0,72,5.1,Yes,No,No,75.5,95.7,A,11.1
187,female,4.0,87,6.4,Yes,Yes,No,82.6,89.2,B,10.4
188,male,3.2,71,6.7,Yes,Yes,Yes,69.0,83.1,B,9.9
189,male,4.7,89,9.9,Yes,Yes,No,90.9,100.0,A,14.600000000000001
190,female,0.5,84,5.5,Yes,Yes,No,80.3,67.2,D,6.0
191,male,3.9,68,8.6,Yes,No,No,76.8,84.6,B,12.5
192,male,4.7,96,8.0,Yes,Yes,Yes,83.0,100.0,A,12.7
193,male,1.3,77,7.1,Yes,No,No,74.0,75.2,C,8.4
194,male,5.2,76,8.9,Yes,Yes,No,40.1,81.1,B,14.100000000000001
195,male,4.0,87,7.2,Yes,Yes,No,64.0,96.5,A,11.2
196,female,2.9,96,7.3,No,Yes,No,84.4,79.8,C,10.2
197,female,4.4,74,6.7,Yes,No,No,60.3,73.4,C,11.100000000000001
198,female,6.9,85,8.3,Yes,Yes,No,67.3,92.2,A,15.200000000000001
199,male,3.8,89,8.1,Yes,Yes,No,57.5,87.3,B,11.899999999999999
200,male,3.9,91,6.0,No,No,No,91.4,92.5,A,9.9
201,male,2.8,86,5.2,Yes,No,Yes,90.2,94.6,A,8.0
202,female,2.2,81,6.6,Yes,Yes,No,59.4,75.5,C,8.8
203,male,4.7,76,5.8,Yes,Yes,No,71.8,85.3,B,10.5
204,male,2.2,85,6.7,Yes,Yes,No,61.8,76.7,C,8.9
205,female,3.6,74,8.3,Yes,No,No,77.4,86.8,B,11.9
206,male,2.8,55,6.3,Yes,Yes,Yes,76.1,61.1,D,9.1
207,female,4.2,89,6.7,Yes,Yes,Yes,79.7,100.0,A,10.9
208,female,4.0,94,6.9,No,Yes,No,74.0,90.9,A,10.9
209,female,5.1,61,7.8,Yes,Yes,Yes,100.0,96.1,A,12.899999999999999
210,male,2.7,74,4.1,Yes,No,No,57.7,73.1,C,6.8
211,male,3.1,91,6.1,Yes,Yes,No,49.5,81.2,B,9.2
212,male,2.0,100,7.1,Yes,Yes,No,65.3,81.8,B,9.1
213,male,2.8,85,8.2,Yes,Yes,Yes,51.2,70.0,C,11.0
214,male,4.1,77,6.2,Yes,Yes,Yes,52.1,78.5,C,10.3
215,male,4.6,83,4.5,Yes,Yes,No,58.0,84.7,B,9.1
216,male,2.1,98,7.5,Yes,No,No,58.9,74.7,C,9.6
217,female,4.8,78,6.0,Yes,No,No,58.5,91.2,A,10.8
218,male,5.5,77,5.4,Yes,No,No,76.2,93.4,A,10.9
219,female,4.1,80,6.1,Yes,No,No,63.9,86.8,B,10.2
220,male,6.3,75,6.6,Yes,No,No,67.8,100.0,A,12.899999999999999
221,male,2.3,86,6.1,Yes,Yes,No,80.7,84.3,B,8.399999999999999
222,male,1.6,100,4.2,No,No,No,60.8,71.5,C,5.800000000000001
223,female,0.8,88,7.9,No,No,Yes,66.8,70.5,C,8.700000000000001
224,female,5.7,82,8.3,Yes,No,Yes,74.4,89.9,B,14.0
225,female,4.5,82,7.6,Yes,Yes,No,46.7,81.1,B,12.1
226,female,3.4,69,5.4,Yes,Yes,No,41.4,67.4,D,8.8
227,male,3.9,93,6.6,Yes,No,Yes,74.2,82.2,B,10.5
228,female,1.8,84,6.8,Yes,No,Yes,75.9,90.0,A,8.6
229,male,7.2,83,7.5,Yes,No,No,94.8,100.0,A,14.7
230,male,3.7,100,7.6,Yes,Yes,Yes,71.9,82.7,B,11.3
231,female,3.7,88,5.9,Yes,Yes,No,79.8,98.3,A,9.600000000000001
232,female,4.6,77,6.9,Yes,Yes,No,67.7,91.5,A,11.5
233,female,4.2,80,7.3,Yes,No,No,73.6,82.2,B,11.5
234,female,3.8,96,8.5,Yes,Yes,No,90.0,100.0,A,12.3
235,female,2.3,86,7.6,Yes,Yes,No,44.5,80.2,B,9.899999999999999
236,female,4.2,70,7.7,Yes,No,No,75.0,85.7,B,11.9
237,female,6.3,94,6.9,Yes,Yes,No,95.6,100.0,A,13.2
238,female,5.5,78,8.5,Yes,No,No,73.4,84.4,B,14.0
239,male,5.9,100,7.3,Yes,Yes,No,89.8,100.0,A,13.2
240,female,2.7,95,5.8,Yes,No,Yes,62.4,84.6,B,8.5
241,female,2.0,80,8.5,Yes,No,Yes,69.6,80.6,B,10.5
242,male,3.3,97,7.6,Yes,No,Yes,70.4,85.1,B,10.899999999999999
243,female,3.6,85,6.3,Yes,No,Yes,43.4,69.4,D,9.9
244,male,5.1,93,6.2,Yes,Yes,No,56.0,92.2,A,11.3
245,male,1.0,89,7.2,Yes,Yes,No,56.8,76.2,C,8.2
246,female,5.8,76,7.4,Yes,Yes,No,79.9,100.0,A,13.2
247,male,3.3,78,7.0,Yes,No,No,80.5,92.2,A,10.3
248,male,2.9,95,7.2,No,No,No,73.9,76.5,C,10.1
249,male,2.0,81,8.8,Yes,Yes,No,79.9,82.7,B,10.8
250,male,1.0,81,8.1,Yes,No,No,68.0,67.1,D,9.1
251,female,4.7,75,7.0,Yes,Yes,Yes,84.4,88.4,B,11.7
252,male,3.6,89,7.9,Yes,No,Yes,70.1,91.0,A,11.5
253,female,1.6,100,5.6,No,No,No,70.7,75.8,C,7.199999999999999
254,male,1.6,74,7.3,Yes,Yes,No,66.8,88.3,B,8.9
255,male,3.0,85,9.0,Yes,Yes,Yes,78.2,87.6,B,12.0
256,male,6.0,99,6.5,Yes,Yes,Yes,64.9,96.8,A,12.5
257,male,3.1,84,5.8,Yes,No,No,81.7,86.7,B,8.9
258,female,1.2,89,6.0,Yes,Yes,Yes,56.4,63.7,D,7.2
259,female,3.1,74,5.5,Yes,Yes,No,56.8,73.0,C,8.6
260,male,3.1,89,5.9,Yes,Yes,No,78.2,94.3,A,9.0
261,male,0.5,83,6.4,Yes,Yes,No,68.9,71.3,C,6.9
262,female,3.4,94,5.1,Yes,Yes,No,64.6,79.7,C,8.5
263,male,3.2,96,6.8,No,No,No,80.7,81.2,B,10.0
264,male,4.5,100,7.9,Yes,Yes,No,62.7,91.1,A,12.4
265,male,6.3,90,5.7,Yes,No,No,67.6,97.5,A,12.0
266,female,5.2,88,8.6,Yes,No,No,86.8,100.0,A,13.8
267,female,3.1,86,7.4,Yes,Yes,Yes,88.5,81.6,B,10.5
268,female,1.8,81,8.0,Yes,Yes,No,88.9,83.9,B,9.8
269,male,7.35,88,6.0,Yes,No,No,66.6,100.0,A,13.4
270,male,3.6,82,7.8,Yes,No,No,84.8,80.2,B,11.4
271,female,3.5,86,5.5,Yes,Yes,No,58.6,75.1,C,9.0
272,female,3.5,98,7.9,No,Yes,No,59.1,78.2,C,11.4
273,female,3.8,74,7.0,Yes,Yes,Yes,41.8,64.7,D,10.8
274,female,3.3,96,7.5,Yes,No,No,90.1,97.8,A,10.8
275,male,2.6,98,5.4,No,Yes,No,59.6,74.4,C,8.0
276,female,2.7,83,5.7,Yes,Yes,No,68.5,76.4,C,8.4
277,male,3.5,63,7.5,Yes,No,No,59.1,76.3,C,11.0
278,female,2.7,78,5.7,Yes,No,Yes,78.3,88.3,B,8.4
279,male,2.4,98,7.4,Yes,Yes,No,65.5,94.0,A,9.8
280,female,3.7,84,5.2,No,Yes,Yes,54.3,58.8,F,8.9
281,female,3.1,75,7.8,No,No,No,75.3,81.1,B,10.9
282,female,5.8,80,5.3,Yes,Yes,No,52.8,84.5,B,11.1
283,female,0.5,93,7.5,Yes,Yes,Yes,60.0,69.9,D,8.0
284,male,5.1,90,7.6,Yes,No,No,44.7,82.2,B,12.7
285,female,5.4,82,6.0,Yes,Yes,Yes,52.9,83.3,B,11.4
286,male,0.5,81,7.5,Yes,No,Yes,72.1,69.5,D,8.0
287,male,3.0,81,7.1,Yes,No,No,46.4,68.5,D,10.1
288,male,2.9,75,6.2,No,Yes,No,52.2,61.5,D,9.1
289,male,1.4,100,5.6,No,Yes,No,70.0,72.3,C,7.0
290,female,2.3,81,4.4,Yes,No,No,63.5,74.1,C,6.7
291,male,1.8,97,7.2,Yes,No,No,93.9,94.9,A,9.0
292,male,6.1,100,4.9,Yes,No,No,92.0,100.0,A,11.0
293,male,4.9,95,6.9,Yes,No,Yes,59.6,84.5,B,11.8
294,female,5.4,80,6.5,Yes,Yes,Yes,76.7,93.7,A,11.9
295,female,4.6,89,7.6,Yes,No,No,79.0,100.0,A,12.2
296,female,1.8,84,6.4,Yes,Yes,No,62.8,81.6,B,8.200000000000001
297,female,2.7,76,6.4,Yes,Yes,No,52.1,70.9,C,9.100000000000001
298,male,4.2,88,7.7,Yes,Yes,No,69.9,89.6,B,11.9
299,male,1.7,73,7.2,No,Yes,No,67.9,69.2,D,8.9
300,female,4.6,96,7.2,Yes,No,Yes,64.8,82.3,B,11.8
301,male,3.1,80,7.4,Yes,Yes,Yes,75.3,80.9,B,10.5
302,male,2.9,87,5.0,Yes,Yes,No,61.0,82.4,B,7.9
303,male,4.6,87,7.7,Yes,Yes,No,56.2,91.0,A,12.3
304,female,4.2,82,7.5,No,No,No,71.3,81.6,B,11.7
305,female,3.0,90,5.6,Yes,No,Yes,74.6,83.2,B,8.6
306,male,5.2,80,6.5,Yes,Yes,No,55.9,80.7,B,11.7
307,female,1.9,93,6.8,Yes,Yes,Yes,81.1,87.2,B,8.7
308,female,4.4,71,6.6,Yes,Yes,Yes,48.8,72.8,C,11.0
309,female,4.4,86,7.2,Yes,No,No,63.1,85.2,B,11.600000000000001
310,female,3.0,100,8.5,Yes,No,Yes,66.9,83.3,B,11.5
311,female,4.0,75,8.1,Yes,Yes,No,62.4,82.6,B,12.1
312,male,1.6,78,5.2,Yes,No,Yes,63.2,63.4,D,6.800000000000001
313,female,4.9,90,7.5,Yes,Yes,No,92.5,100.0,A,12.4
314,male,3.2,86,8.4,Yes,No,No,59.8,79.4,C,11.600000000000001
315,male,2.7,88,7.3,Yes,Yes,No,99.3,100.0,A,10.0
316,female,5.1,89,8.1,Yes,Yes,No,75.2,100.0,A,13.2
317,male,2.4,91,9.2,No,Yes,Yes,71.1,72.9,C,11.6
318,male,1.4,96,8.0,No,Yes,No,75.7,79.2,C,9.4
319,male,1.2,89,7.1,Yes,No,No,100.0,84.2,B,8.299999999999999
320,female,4.4,82,8.1,Yes,Yes,Yes,58.1,80.7,B,12.5
321,female,1.6,91,7.0,Yes,No,No,56.6,85.3,B,8.6
322,male,6.1,100,6.8,Yes,No,Yes,60.9,93.1,A,12.899999999999999
323,female,0.5,83,6.4,Yes,Yes,No,70.4,73.5,C,6.9
324,female,6.0,75,8.7,Yes,Yes,No,49.3,90.8,A,14.7
325,female,3.8,96,5.8,Yes,Yes,Yes,70.3,80.8,B,9.6
326,female,3.4,83,8.6,Yes,No,No,90.3,88.9,B,12.0
327,male,2.7,63,7.4,No,Yes,No,71.8,63.7,D,10.100000000000001
328,male,4.1,93,5.1,Yes,Yes,No,66.5,82.6,B,9.2
329,female,3.4,79,7.2,Yes,Yes,No,62.6,63.7,D,10.6
330,female,5.2,84,4.3,Yes,No,No,80.8,96.6,A,9.5
331,male,3.7,88,7.6,Yes,Yes,No,60.1,97.0,A,11.3
332,male,3.7,86,7.9,No,Yes,No,92.2,93.3,A,11.600000000000001
333,female,3.0,92,6.1,Yes,Yes,Yes,93.2,82.8,B,9.1
334,male,3.4,80,6.9,Yes,Yes,No,73.1,81.2,B,10.3
335,female,4.0,90,9.1,Yes,No,No,69.9,88.7,B,13.1
336,female,0.9,82,6.2,Yes,Yes,No,82.4,71.2,C,7.1000000000000005
337,male,1.5,92,5.5,Yes,No,No,83.1,87.1,B,7.0
338,male,4.6,91,8.6,Yes,No,No,60.3,94.9,A,13.2
339,female,3.8,75,9.2,Yes,No,No,63.7,76.1,C,13.0
340,female,3.2,95,6.8,Yes,No,No,54.1,85.1,B,10.0
341,male,3.5,79,8.0,Yes,Yes,No,74.9,96.3,A,11.5
342,female,4.0,93,8.4,Yes,Yes,No,78.0,100.0,A,12.4
343,male,2.7,88,5.9,Yes,No,No,53.8,92.0,A,8.600000000000001
344,female,2.3,100,6.2,Yes,Yes,No,64.5,77.2,C,8.5
345,male,3.8,82,8.3,Yes,No,No,53.8,97.5,A,12.100000000000001
346,male,2.0,81,8.8,Yes,Yes,Yes,59.2,70.6,C,10.8
347,male,4.1,84,7.5,Yes,No,No,76.6,87.2,B,11.6
348,female,0.9,82,5.7,Yes,No,No,61.2,69.0,D,6.6000000000000005
349,female,5.0,93,9.2,Yes,Yes,Yes,66.4,90.2,A,14.2
350,male,4.2,68,6.2,Yes,Yes,Yes,50.5,74.0,C,10.4
351,female,3.9,74,6.4,Yes,No,No,72.2,75.3,C,10.3
352,male,5.0,74,7.2,Yes,No,No,69.5,86.5,B,12.2
353,male,6.0,94,8.7,Yes,Yes,No,61.3,100.0,A,14.7
354,female,5.0,100,7.8,Yes,No,Yes,67.7,93.6,A,12.8
355,female,0.7,84,7.3,Yes,Yes,Yes,72.2,72.0,C,8.0
356,male,1.6,83,7.4,Yes,Yes,No,60.2,76.2,C,9.0
357,female,2.6,85,6.9,Yes,No,No,52.3,80.9,B,9.5
358,female,3.5,96,7.5,Yes,No,Yes,91.7,85.3,B,11.0
359,male,4.3,75,3.8,Yes,No,No,62.4,81.9,B,8.1
360,male,2.4,87,6.4,Yes,No,No,68.8,78.0,C,8.8
361,female,3.8,94,7.1,Yes,Yes,Yes,82.1,93.6,A,10.899999999999999
362,male,2.4,90,5.4,Yes,No,Yes,100.0,95.1,A,7.800000000000001
363,male,2.6,86,7.3,Yes,Yes,Yes,55.1,66.7,D,9.9
364,female,1.4,95,6.6,Yes,Yes,No,75.4,75.6,C,8.0
365,male,2.1,58,8.9,Yes,Yes,No,61.5,57.4,F,11.0
366,male,1.5,91,8.7,Yes,Yes,No,63.5,75.4,C,10.2
367,female,2.0,78,6.2,Yes,Yes,No,61.4,80.5,B,8.2
368,female,5.1,66,6.6,No,Yes,No,56.5,75.1,C,11.7
369,male,2.1,90,6.7,No,Yes,No,69.5,67.8,D,8.8
370,male,7.35,98,6.3,Yes,Yes,No,52.3,97.4,A,13.7
371,female,4.2,83,7.0,Yes,No,Yes,81.4,80.2,B,11.2
372,female,3.8,94,5.9,Yes,Yes,No,70.7,82.8,B,9.7
373,female,2.2,100,5.4,Yes,Yes,No,75.1,87.8,B,7.6000000000000005
374,female,4.6,98,7.5,Yes,No,No,64.4,85.8,B,12.1
375,male,2.6,100,7.6,Yes,No,No,65.6,91.7,A,10.2
376,female,3.7,92,5.8,Yes,No,Yes,73.5,84.9,B,9.5
377,female,7.3,85,7.9,Yes,Yes,No,56.0,99.3,A,15.2
378,male,3.4,69,6.0,Yes,No,No,65.7,74.3,C,9.4
379,female,5.2,82,7.1,Yes,Yes,No,59.7,93.3,A,12.3
380,male,2.4,76,7.8,Yes,Yes,No,59.3,79.4,C,10.2
381,female,3.4,100,6.8,No,Yes,No,44.7,77.4,C,10.2
382,female,6.2,83,7.3,Yes,No,No,86.1,100.0,A,13.5
383,female,2.6,86,6.2,Yes,Yes,No,61.8,76.8,C,8.8
384,male,6.2,90,6.6,Yes,Yes,No,84.0,100.0,A,12.8
385,male,4.6,85,6.6,No,Yes,No,82.8,88.6,B,11.2
386,female,2.7,100,5.9,Yes,No,No,54.6,79.1,C,8.600000000000001
387,male,4.4,78,6.6,Yes,No,No,56.9,79.4,C,11.0
388,male,5.0,86,4.9,Yes,Yes,No,100.0,100.0,A,9.9
389,male,4.4,77,6.2,Yes,No,Yes,91.0,86.7,B,10.600000000000001
390,male,1.1,71,6.5,Yes,Yes,Yes,69.6,69.5,D,7.6
391,male,2.4,78,6.5,Yes,No,No,73.1,86.3,B,8.9
392,male,3.1,84,6.5,Yes,Yes,No,62.4,87.3,B,9.6
393,female,3.4,80,6.7,No,No,No,75.2,72.1,C,10.1
394,female,4.4,78,7.4,Yes,Yes,No,61.4,92.3,A,11.8
395,male,3.8,70,7.8,Yes,No,Yes,45.6,67.6,D,11.6
396,female,1.5,84,6.0,Yes,Yes,No,54.1,72.7,C,7.5
397,female,4.1,70,5.4,Yes,Yes,No,70.3,76.1,C,9.5
398,female,4.4,92,5.5,No,Yes,No,56.4,81.2,B,9.9
399,female,4.3,85,6.2,Yes,Yes,No,69.2,90.4,A,10.5
400,male,5.1,70,6.4,Yes,Yes,No,57.1,73.2,C,11.5
401,female,4.8,81,5.9,Yes,No,Yes,60.6,85.2,B,10.7
402,female,4.2,77,5.2,Yes,Yes,No,80.2,96.4,A,9.4
403,male,3.4,88,6.3,Yes,No,Yes,73.0,81.9,B,9.7
404,male,1.0,98,7.0,Yes,No,No,69.9,86.5,B,8.0
405,female,4.1,66,7.5,Yes,No,No,80.5,84.7,B,11.6
406,female,3.8,86,6.1,Yes,No,No,75.8,93.0,A,9.899999999999999
407,female,3.9,83,6.3,Yes,No,No,87.4,78.9,C,10.2
408,female,1.6,91,5.7,Yes,Yes,No,64.5,90.4,A,7.300000000000001
409,female,1.9,87,6.8,No,No,No,64.8,80.1,B,8.7
410,female,5.1,77,5.8,Yes,Yes,Yes,54.4,78.1,C,10.899999999999999
411,male,3.4,81,7.5,Yes,No,No,64.9,70.1,C,10.9
412,female,4.5,77,4.7,Yes,No,No,81.6,90.2,A,9.2
413,female,3.5,95,6.4,Yes,Yes,No,85.6,86.5,B,9.9
414,male,3.5,85,7.2,Yes,Yes,No,81.5,93.5,A,10.7
415,male,4.9,100,7.0,No,Yes,Yes,48.5,83.3,B,11.9
416,male,2.7,84,10.0,Yes,No,Yes,83.0,81.2,B,12.7
417,male,3.6,77,7.2,No,No,No,47.9,76.0,C,10.8
418,female,2.8,69,5.6,Yes,Yes,No,80.8,84.9,B,8.399999999999999
419,female,2.8,67,6.7,Yes,No,No,65.6,79.2,C,9.5
420,female,3.0,69,4.7,No,No,No,78.4,72.8,C,7.7
421,female,3.8,87,6.7,Yes,Yes,Yes,54.0,69.9,D,10.5
422,female,2.8,90,5.8,No,Yes,No,84.1,89.6,B,8.6
423,female,5.4,69,7.9,Yes,No,Yes,52.4,77.3,C,13.3
424,male,2.2,94,6.1,No,No,No,62.0,64.6,D,8.3
425,female,3.2,80,6.7,Yes,No,Yes,58.0,81.8,B,9.9
426,male,2.8,86,6.0,Yes,Yes,No,48.9,86.2,B,8.8
427,male,5.7,100,8.9,Yes,Yes,Yes,71.1,100.0,A,14.600000000000001
428,female,3.8,94,6.4,Yes,Yes,No,91.7,100.0,A,10.2
429,male,5.0,82,9.0,Yes,Yes,No,100.0,100.0,A,14.0
430,female,1.3,76,7.8,Yes,Yes,No,71.2,72.0,C,9.1
431,male,3.9,63,7.4,Yes,No,No,83.4,81.2,B,11.3
432,female,4.8,77,7.2,Yes,Yes,No,72.8,100.0,A,12.0
433,male,3.6,82,7.3,Yes,No,Yes,76.0,79.7,C,10.9
434,female,5.1,75,4.5,Yes,Yes,No,65.9,89.4,B,9.6
435,female,2.7,83,6.5,Yes,No,No,72.3,77.8,C,9.2
436,female,5.6,85,7.8,Yes,Yes,Yes,76.4,93.4,A,13.399999999999999
437,female,6.9,82,6.7,Yes,Yes,Yes,63.1,100.0,A,13.600000000000001
438,female,3.0,78,5.1,Yes,Yes,No,69.1,76.5,C,8.1
439,male,2.8,86,6.7,Yes,No,No,69.3,79.3,C,9.5
440,male,5.7,89,8.8,No,No,No,79.9,100.0,A,14.5
441,male,5.9,74,8.3,Yes,Yes,No,57.2,98.9,A,14.200000000000001
442,female,2.7,99,6.7,Yes,Yes,Yes,69.4,87.5,B,9.4
443,male,2.9,84,7.9,Yes,No,Yes,92.9,85.2,B,10.8
444,female,3.1,85,6.4,Yes,Yes,No,84.0,86.0,B,9.5
445,female,1.5,92,4.8,Yes,Yes,Yes,86.2,80.7,B,6.3
446,male,2.1,87,5.7,Yes,No,No,70.3,79.9,C,7.800000000000001
447,male,2.0,94,8.7,Yes,No,No,73.9,79.1,C,10.7
448,female,2.3,87,6.5,Yes,Yes,Yes,82.0,87.1,B,8.8
449,male,3.4,78,6.5,Yes,Yes,No,88.7,90.7,A,9.9
450,female,3.9,88,6.4,Yes,No,Yes,46.6,64.6,D,10.3
451,female,5.8,73,9.1,No,Yes,No,54.2,77.9,C,14.899999999999999
452,female,2.0,86,8.8,Yes,Yes,Yes,85.7,82.0,B,10.8
453,female,5.0,84,9.5,Yes,No,No,66.7,92.8,A,14.5
454,female,3.2,82,6.6,No,No,No,61.9,85.4,B,9.8
455,male,3.4,83,7.2,Yes,Yes,No,55.0,80.7,B,10.6
456,male,4.5,66,5.0,Yes,No,No,63.3,72.7,C,9.5
457,female,1.8,79,8.6,Yes,No,Yes,53.2,68.8,D,10.4
458,female,4.1,85,5.4,No,Yes,No,95.1,89.9,B,9.5
459,male,3.7,86,7.1,No,No,No,69.7,83.3,B,10.8
460,male,4.2,74,5.5,Yes,Yes,No,69.3,86.8,B,9.7
461,female,3.9,97,6.1,Yes,Yes,Yes,77.1,98.2,A,10.0
462,male,7.2,76,5.8,Yes,No,No,81.5,100.0,A,13.0
463,female,2.5,94,6.1,Yes,Yes,Yes,81.4,95.1,A,8.6
464,male,2.7,89,6.2,Yes,Yes,No,82.9,93.5,A,8.9
465,female,2.6,78,6.1,No,Yes,Yes,62.4,63.2,D,8.7
466,male,2.7,100,7.8,Yes,Yes,No,66.4,100.0,A,10.5
467,female,2.5,73,5.5,Yes,No,Yes,79.2,77.1,C,8.0
468,male,5.3,94,7.1,Yes,No,No,63.7,88.8,B,12.399999999999999
469,male,5.6,95,8.3,Yes,No,No,69.9,100.0,A,13.9
470,female,2.6,78,6.2,Yes,Yes,Yes,74.8,89.9,B,8.8
471,male,2.3,98,5.9,Yes,Yes,No,79.4,87.6,B,8.2
472,female,4.2,82,6.5,No,Yes,Yes,48.7,68.0,D,10.7
473,male,2.7,87,8.2,No,Yes,No,78.6,82.2,B,10.899999999999999
474,female,4.4,87,7.0,Yes,Yes,No,67.2,94.0,A,11.4
475,male,3.8,83,6.2,No,No,No,78.5,90.9,A,10.0
476,female,1.2,93,7.4,Yes,No,No,79.3,85.0,B,8.6
477,male,5.8,92,5.5,Yes,No,Yes,89.3,100.0,A,11.3
478,female,6.2,67,7.6,Yes,Yes,No,86.2,100.0,A,13.8
479,male,2.6,98,7.3,Yes,No,Yes,86.2,87.4,B,9.9
480,female,2.9,68,6.4,No,Yes,No,87.3,84.8,B,9.3
481,female,3.9,95,5.8,Yes,Yes,No,73.5,89.5,B,9.7
482,female,4.0,96,5.7,Yes,No,No,70.4,92.3,A,9.7
483,male,4.5,74,7.4,Yes,No,Yes,80.5,86.6,B,11.9
484,female,6.5,80,8.3,Yes,Yes,No,78.8,100.0,A,14.8
485,male,3.2,73,6.0,Yes,Yes,No,66.3,75.7,C,9.2
486,female,2.3,82,7.4,Yes,Yes,Yes,74.9,87.3,B,9.7
487,male,1.4,81,4.3,Yes,No,No,69.6,66.6,D,5.699999999999999
488,female,2.4,92,6.1,Yes,Yes,No,59.8,74.1,C,8.5
489,male,3.5,98,6.8,Yes,No,No,85.5,100.0,A,10.3
490,male,6.2,99,5.7,Yes,Yes,No,70.7,100.0,A,11.9
491,female,2.7,79,5.7,Yes,Yes,No,94.6,74.3,C,8.4
492,male,3.8,82,6.0,Yes,Yes,Yes,50.5,71.1,C,9.8
493,male,3.5,68,7.2,Yes,Yes,No,63.3,66.7,D,10.7
494,female,5.3,76,6.6,Yes,Yes,Yes,70.4,82.1,B,11.899999999999999
495,male,7.3,94,4.1,Yes,No,No,83.6,88.5,B,11.399999999999999
496,male,2.7,100,4.3,No,No,No,74.8,79.4,C,7.0
497,male,2.8,72,6.1,Yes,No,No,73.7,71.0,C,8.899999999999999
498,female,5.1,79,7.3,Yes,No,No,56.5,85.4,B,12.399999999999999
499,male,4.5,84,3.5,No,No,Yes,56.1,61.8,D,8.0
500,female,6.3,87,6.2,Yes,No,No,73.9,99.6,A,12.5
501,male,4.4,76,6.2,Yes,No,No,53.6,76.1,C,10.600000000000001
502,male,3.0,89,8.5,Yes,Yes,Yes,63.6,90.4,A,11.5
503,male,4.4,80,6.3,No,Yes,No,76.0,93.3,A,10.7
504,female,5.2,84,7.3,No,Yes,No,58.2,88.9,B,12.5
505,male,4.7,90,7.0,Yes,Yes,No,89.3,99.0,A,11.7
506,male,4.3,85,4.2,Yes,Yes,Yes,84.7,100.0,A,8.5
507,female,5.1,80,7.7,Yes,No,No,51.1,74.5,C,12.8
508,male,5.3,83,7.1,No,Yes,Yes,58.8,72.8,C,12.399999999999999
509,female,5.6,84,7.4,No,Yes,Yes,42.6,76.1,C,13.0
510,female,4.5,81,10.0,Yes,Yes,Yes,60.6,99.5,A,14.5
511,male,3.2,82,4.3,Yes,Yes,Yes,79.2,79.9,C,7.5
512,female,3.7,100,8.9,Yes,Yes,Yes,65.0,88.2,B,12.600000000000001
513,male,5.3,90,6.5,Yes,Yes,No,75.5,88.9,B,11.8
514,female,2.3,82,7.1,Yes,Yes,No,51.7,77.9,C,9.399999999999999
515,female,4.1,92,6.7,Yes,Yes,Yes,79.6,97.2,A,10.8
516,male,2.9,81,6.3,Yes,No,Yes,63.3,79.3,C,9.2
517,female,3.5,96,6.1,Yes,No,No,70.1,84.2,B,9.6
518,female,5.4,88,7.2,No,Yes,No,68.9,86.3,B,12.600000000000001
519,female,3.8,83,5.0,Yes,Yes,Yes,54.7,67.6,D,8.8
520,female,3.6,89,7.7,Yes,Yes,Yes,56.2,80.7,B,11.3
521,female,1.5,69,6.3,Yes,No,Yes,81.6,64.7,D,7.8
522,male,4.6,73,5.4,No,Yes,Yes,74.8,71.8,C,10.0
523,female,4.5,73,6.3,Yes,Yes,Yes,82.6,84.9,B,10.8
524,male,6.7,86,8.3,Yes,No,No,73.9,100.0,A,15.0
525,female,3.0,100,6.2,Yes,Yes,Yes,71.7,82.4,B,9.2
526,male,3.8,100,7.2,Yes,Yes,No,49.3,87.3,B,11.0
527,male,3.9,91,5.9,Yes,Yes,Yes,66.8,84.8,B,9.8
528,female,5.9,90,7.7,Yes,No,No,69.7,96.4,A,13.600000000000001
529,female,3.4,67,7.6,No,No,No,93.4,84.3,B,11.0
530,female,3.9,79,9.0,Yes,No,No,78.2,84.5,B,12.9
531,male,4.4,77,6.6,Yes,Yes,No,88.4,94.7,A,11.0
532,female,3.8,78,7.6,Yes,Yes,No,77.2,89.6,B,11.399999999999999
533,male,2.8,83,6.9,Yes,No,No,61.5,68.6,D,9.7
534,male,3.8,80,8.4,Yes,No,No,71.4,92.8,A,12.2
535,male,5.1,65,5.9,Yes,Yes,No,72.8,80.7,B,11.0
536,female,2.0,92,7.7,Yes,No,No,58.7,77.6,C,9.7
537,female,3.7,74,6.6,Yes,Yes,No,65.4,87.7,B,10.3
538,male,2.4,87,6.7,Yes,Yes,No,67.5,86.0,B,9.1
539,male,5.3,100,6.9,Yes,No,No,89.3,100.0,A,12.2
540,female,1.2,75,7.1,Yes,Yes,Yes,45.0,57.3,F,8.299999999999999
541,male,2.7,59,6.7,No,No,Yes,84.5,75.6,C,9.4
542,female,4.1,82,7.1,Yes,Yes,No,58.8,87.3,B,11.2
543,male,5.8,96,8.7,Yes,Yes,Yes,53.5,88.8,B,14.5
544,female,3.4,100,8.0,Yes,No,No,84.2,91.8,A,11.4
545,male,2.7,72,7.8,Yes,No,Yes,78.8,66.0,D,10.5
546,female,6.3,90,6.3,Yes,Yes,No,85.1,100.0,A,12.6
547,male,1.3,80,5.7,No,Yes,No,79.6,71.1,C,7.0
548,female,0.5,83,7.9,Yes,No,No,94.7,88.8,B,8.4
549,female,4.2,100,7.9,Yes,Yes,No,76.7,100.0,A,12.100000000000001
550,male,2.7,70,8.6,Yes,No,No,68.1,85.2,B,11.3
551,male,2.0,87,6.1,Yes,No,No,74.1,75.4,C,8.1
552,female,4.6,89,6.5,Yes,Yes,No,84.9,100.0,A,11.1
553,male,3.9,95,4.8,Yes,Yes,Yes,60.6,78.9,C,8.7
554,female,2.7,86,6.3,Yes,Yes,No,62.2,83.4,B,9.0
555,male,1.6,88,8.0,No,No,No,66.3,63.4,D,9.6
556,female,4.8,81,6.2,Yes,Yes,No,44.7,80.7,B,11.0
557,female,4.5,87,7.6,Yes,Yes,No,71.7,80.8,B,12.1
558,female,3.4,81,6.6,Yes,Yes,No,47.4,73.1,C,10.0
559,female,6.3,91,7.2,Yes,No,Yes,70.6,99.8,A,13.5
560,female,1.9,81,5.4,Yes,Yes,Yes,80.4,73.5,C,7.300000000000001
561,female,1.2,88,6.9,Yes,Yes,No,64.3,68.2,D,8.1
562,male,2.5,84,3.3500000000000014,No,No,No,90.1,83.9,B,5.7
563,male,3.4,96,6.6,No,No,No,52.5,75.3,C,10.0
564,male,3.9,84,4.8,No,No,Yes,84.3,78.7,C,8.7
565,female,3.1,67,8.2,Yes,Yes,No,78.1,82.8,B,11.299999999999999
566,female,4.0,97,7.7,Yes,Yes,No,49.4,100.0,A,11.7
567,female,1.6,75,7.4,Yes,No,No,100.0,92.6,A,9.0
568,female,5.7,78,8.6,Yes,Yes,Yes,69.2,99.1,A,14.3
569,male,3.4,79,5.7,Yes,No,Yes,59.5,76.2,C,9.1
570,male,5.2,98,8.9,Yes,No,Yes,53.1,90.9,A,14.100000000000001
571,female,4.0,63,7.9,Yes,Yes,Yes,67.4,63.3,D,11.9
572,male,4.2,100,6.5,Yes,No,Yes,68.5,85.0,B,10.7
573,male,4.4,95,8.2,Yes,No,Yes,71.2,88.7,B,12.6
574,female,4.2,87,5.5,Yes,Yes,No,66.4,75.3,C,9.7
575,male,4.5,84,5.8,Yes,Yes,No,77.6,84.9,B,10.3
576,female,5.5,87,6.1,Yes,Yes,No,65.3,81.1,B,11.6
577,male,3.8,90,6.2,Yes,Yes,Yes,46.8,75.6,C,10.0
578,female,4.6,91,5.5,Yes,Yes,No,68.2,95.5,A,10.1
579,female,3.4,90,8.3,Yes,No,No,41.6,83.3,B,11.700000000000001
580,female,5.7,85,6.5,Yes,No,Yes,74.2,95.7,A,12.2
581,female,2.5,83,7.2,Yes,Yes,No,58.2,70.4,C,9.7
582,male,6.2,83,6.1,Yes,Yes,Yes,72.0,82.7,B,12.3
583,female,3.4,83,4.6,Yes,No,No,85.8,76.7,C,8.0
584,female,1.4,96,7.1,Yes,Yes,No,58.6,68.4,D,8.5
585,female,3.7,90,4.5,Yes,No,No,82.7,84.6,B,8.2
586,male,2.5,55,6.7,Yes,Yes,No,64.8,67.7,D,9.2
587,female,4.8,91,5.2,No,Yes,No,91.0,89.2,B,10.0
588,male,2.5,86,9.2,Yes,Yes,No,65.6,85.0,B,11.7
589,female,2.8,84,7.9,Yes,No,No,59.9,77.3,C,10.7
590,male,0.7,81,6.9,Yes,Yes,Yes,78.2,72.2,C,7.6000000000000005
591,male,2.8,96,8.3,Yes,No,Yes,64.8,89.0,B,11.100000000000001
592,female,0.5,94,5.8,Yes,Yes,No,59.9,63.2,D,6.3
593,male,1.1,77,7.5,Yes,Yes,No,64.3,73.2,C,8.6
594,female,4.6,89,7.0,No,Yes,No,69.5,87.0,B,11.6
595,female,4.7,75,7.1,Yes,No,Yes,86.1,88.5,B,11.8
596,female,4.1,71,8.3,Yes,No,No,46.8,80.4,B,12.4
597,male,2.0,78,7.7,Yes,Yes,Yes,70.3,80.2,B,9.7
598,male,3.4,93,7.1,No,Yes,No,77.5,80.9,B,10.5
599,female,3.5,94,4.8,Yes,Yes,No,72.3,86.4,B,8.3
600,female,1.8,90,5.6,Yes,Yes,No,85.7,86.3,B,7.3999999999999995
601,male,5.8,92,6.7,Yes,Yes,Yes,69.1,93.4,A,12.5
602,female,4.8,90,6.9,Yes,No,No,67.8,95.1,A,11.7
603,female,3.2,78,5.4,Yes,No,No,77.1,83.9,B,8.600000000000001
604,female,3.5,89,9.7,Yes,Yes,No,71.2,100.0,A,13.2
605,male,3.8,93,8.6,Yes,Yes,No,65.3,80.9,B,12.399999999999999
606,male,0.5,92,7.5,Yes,No,No,76.2,76.4,C,8.0
607,male,3.1,96,6.9,No,No,No,62.2,73.6,C,10.0
608,female,2.5,92,6.5,Yes,Yes,No,62.7,84.0,B,9.0
609,female,2.0,88,5.7,No,Yes,Yes,63.7,58.6,F,7.7
610,female,3.1,95,6.9,Yes,Yes,No,86.2,96.3,A,10.0
611,male,6.2,84,7.1,Yes,Yes,No,31.3,78.8,C,13.3
612,female,4.5,76,5.3,Yes,Yes,Yes,74.7,79.8,C,9.8
613,female,2.6,83,7.2,Yes,Yes,Yes,70.4,70.0,C,9.8
614,female,4.4,77,6.6,Yes,No,No,49.8,75.0,C,11.0
615,female,5.6,78,4.5,Yes,Yes,Yes,73.7,95.0,A,10.1
616,male,4.9,83,5.8,Yes,Yes,No,75.7,92.4,A,10.7
617,male,3.6,77,6.3,Yes,Yes,Yes,77.1,86.4,B,9.9
618,female,2.5,81,9.1,Yes,No,No,38.2,79.1,C,11.6
619,male,4.5,66,7.5,Yes,No,No,86.4,91.5,A,12.0
620,male,4.1,87,5.2,Yes,Yes,No,61.1,80.3,B,9.3
621,female,4.8,85,7.4,Yes,Yes,No,78.2,98.3,A,12.2
622,female,4.5,76,4.9,No,No,No,78.9,79.3,C,9.4
623,male,5.1,91,8.1,Yes,Yes,No,59.5,89.5,B,13.2
624,female,2.7,94,6.2,Yes,Yes,Yes,77.9,75.7,C,8.9
625,male,5.5,68,6.7,Yes,Yes,Yes,65.4,89.6,B,12.2
626,female,3.8,77,8.4,Yes,Yes,Yes,45.1,71.0,C,12.2
627,male,6.6,77,5.3,No,Yes,No,84.0,96.8,A,11.899999999999999
628,female,2.5,75,5.1,Yes,No,Yes,60.7,61.9,D,7.6
629,male,6.1,93,6.1,Yes,No,Yes,59.7,93.9,A,12.2
630,male,3.8,83,8.0,Yes,Yes,No,65.2,81.3,B,11.8
631,male,2.5,82,5.0,Yes,No,No,73.3,77.6,C,7.5
632,female,2.8,65,3.4,No,Yes,No,69.3,71.4,C,6.199999999999999
633,male,3.0,91,6.3,Yes,Yes,Yes,76.6,89.4,B,9.3
634,male,4.1,72,7.5,Yes,No,Yes,53.9,74.3,C,11.6
635,female,4.3,85,8.2,Yes,No,No,61.1,76.0,C,12.5
636,female,2.6,87,6.2,Yes,Yes,Yes,68.6,96.3,A,8.8
637,male,3.5,98,6.3,Yes,Yes,No,92.8,100.0,A,9.8
638,male,6.7,71,8.2,Yes,No,No,68.6,99.9,A,14.899999999999999
639,female,6.1,54,4.6,Yes,No,No,83.0,83.8,B,10.7
640,female,4.2,86,6.3,No,No,Yes,70.5,79.4,C,10.5
641,female,3.6,100,7.0,Yes,Yes,No,64.2,86.0,B,10.6
642,female,3.7,97,7.3,Yes,Yes,No,67.0,97.9,A,11.0
643,female,4.4,87,6.2,Yes,Yes,No,68.0,90.5,A,10.600000000000001
644,male,2.0,80,6.8,No,Yes,No,77.2,70.4,C,8.8
645,female,3.1,93,3.8,Yes,No,Yes,86.5,82.9,B,6.9
646,male,1.0,75,6.0,Yes,Yes,Yes,74.3,75.5,C,7.0
647,male,4.1,89,7.3,Yes,Yes,No,84.2,100.0,A,11.399999999999999
648,male,4.5,90,5.6,Yes,No,No,58.4,94.0,A,10.1
649,female,2.8,95,6.9,Yes,Yes,No,65.0,88.9,B,9.7
650,male,5.9,100,7.3,Yes,Yes,No,61.3,97.3,A,13.2
651,male,1.7,88,6.4,Yes,No,No,73.8,59.5,F,8.1
652,female,1.3,79,7.0,Yes,No,No,65.7,73.3,C,8.3
653,male,3.8,84,5.6,Yes,No,No,78.8,88.0,B,9.399999999999999
654,male,5.1,67,6.6,No,Yes,Yes,58.8,74.8,C,11.7
655,female,6.0,78,7.5,No,No,No,70.5,89.9,B,13.5
656,male,2.8,80,7.0,Yes,No,Yes,78.2,72.6,C,9.8
657,male,5.1,79,6.1,Yes,Yes,No,45.2,83.6,B,11.2
658,male,3.4,86,7.1,Yes,Yes,No,95.5,100.0,A,10.5
659,female,3.2,76,7.7,Yes,No,No,66.6,84.3,B,10.9
660,female,4.8,96,4.3,Yes,Yes,Yes,45.7,85.4,B,9.1
661,female,4.5,85,8.2,Yes,No,No,71.9,95.2,A,12.7
662,male,1.1,84,6.4,Yes,Yes,Yes,70.4,69.0,D,7.5
663,male,5.7,81,7.3,Yes,Yes,No,69.0,94.2,A,13.0
664,female,5.6,86,8.2,Yes,Yes,Yes,81.9,99.7,A,13.799999999999999
665,male,2.6,93,5.2,Yes,No,No,79.0,85.8,B,7.800000000000001
666,male,4.1,76,5.9,Yes,Yes,No,73.6,91.7,A,10.0
667,female,4.2,78,6.5,Yes,Yes,No,75.4,92.2,A,10.7
668,female,3.9,82,5.9,Yes,No,No,68.7,96.3,A,9.8
669,male,2.7,71,8.9,Yes,No,Yes,91.3,97.6,A,11.600000000000001
670,male,2.5,76,5.8,Yes,No,Yes,52.2,66.4,D,8.3
671,male,3.5,80,6.1,Yes,Yes,No,71.7,60.8,D,9.6
672,female,5.3,93,7.0,No,Yes,No,70.8,99.8,A,12.3
673,female,4.3,87,5.4,Yes,No,Yes,79.8,85.2,B,9.7
674,female,2.9,86,6.3,Yes,No,No,59.9,73.2,C,9.2
675,female,4.7,93,7.2,Yes,Yes,No,49.1,83.8,B,11.9
676,male,0.5,83,6.4,No,Yes,Yes,71.9,61.3,D,6.9
677,female,5.2,88,6.7,No,No,Yes,73.4,90.6,A,11.9
678,female,0.9,84,6.2,Yes,Yes,Yes,87.9,67.7,D,7.1000000000000005
679,female,3.0,87,5.0,No,No,No,54.8,63.6,D,8.0
680,female,1.8,79,7.2,Yes,Yes,No,83.9,84.1,B,9.0
681,female,1.6,60,8.9,Yes,Yes,No,98.4,86.2,B,10.5
682,male,5.2,83,6.8,Yes,No,No,65.5,93.9,A,12.0
683,male,2.8,99,7.1,Yes,Yes,Yes,54.5,73.9,C,9.899999999999999
684,female,4.0,94,7.6,No,Yes,No,65.1,79.3,C,11.6
685,male,3.4,94,5.3,Yes,Yes,No,70.2,83.8,B,8.7
686,female,4.2,97,8.8,No,Yes,Yes,76.8,91.7,A,13.0
687,female,3.6,85,7.0,Yes,No,No,62.9,91.7,A,10.6
688,male,1.6,87,8.8,Yes,No,No,88.7,74.4,C,10.4
689,male,5.0,78,5.9,Yes,No,No,56.6,81.5,B,10.9
690,female,2.8,81,9.0,Yes,Yes,No,49.1,67.7,D,11.8
691,female,1.2,91,7.7,Yes,Yes,Yes,83.3,71.0,C,8.9
692,female,2.9,97,7.5,Yes,Yes,Yes,42.7,79.9,C,10.4
693,male,5.8,83,7.1,No,No,No,67.6,92.2,A,12.899999999999999
694,female,4.8,80,6.5,Yes,No,Yes,100.0,100.0,A,11.3
695,female,3.0,85,8.2,Yes,No,No,69.9,89.6,B,11.2
696,female,3.0,91,7.0,Yes,Yes,No,56.6,77.5,C,10.0
697,male,3.0,70,4.4,Yes,Yes,No,69.3,72.6,C,7.4
698,female,6.6,62,5.5,No,Yes,No,69.4,97.9,A,12.1
699,female,4.1,79,6.6,Yes,Yes,No,71.9,85.5,B,10.7
700,male,4.1,72,7.2,Yes,Yes,No,77.9,92.1,A,11.3
701,female,5.0,79,6.7,Yes,No,No,57.5,84.5,B,11.7
702,female,3.9,83,8.3,Yes,Yes,Yes,90.3,82.8,B,12.200000000000001
703,male,3.1,80,4.5,Yes,Yes,Yes,72.9,65.4,D,7.6
704,female,3.2,99,7.0,Yes,Yes,No,78.7,89.6,B,10.2
705,male,3.4,88,4.6,Yes,No,Yes,62.5,83.1,B,8.0
706,male,3.4,88,7.7,Yes,No,Yes,85.4,94.2,A,11.1
707,female,4.6,91,6.7,Yes,No,Yes,66.9,92.9,A,11.3
708,female,3.6,73,7.3,Yes,No,No,73.3,77.1,C,10.9
709,female,4.6,95,5.8,Yes,Yes,No,58.8,98.3,A,10.399999999999999
710,female,3.4,84,8.3,Yes,No,Yes,58.0,72.1,C,11.700000000000001
711,male,3.6,91,8.1,Yes,Yes,No,78.3,94.6,A,11.7
712,female,0.5,74,7.5,Yes,Yes,No,64.7,67.1,D,8.0
713,male,4.9,69,6.6,No,No,Yes,59.8,72.2,C,11.5
714,female,4.0,93,7.5,Yes,No,No,62.3,95.6,A,11.5
715,female,5.0,88,6.0,Yes,Yes,No,78.4,91.9,A,11.0
716,female,0.5,76,7.8,No,Yes,No,62.5,54.1,F,8.3
717,male,6.6,76,8.8,Yes,Yes,No,68.6,98.5,A,15.4
718,female,3.3,96,8.1,Yes,Yes,Yes,70.2,85.0,B,11.399999999999999
719,female,5.2,73,5.9,Yes,Yes,No,47.0,99.1,A,11.100000000000001
720,female,1.9,100,7.2,Yes,Yes,Yes,52.3,78.2,C,9.1
721,female,4.4,76,5.2,Yes,Yes,No,74.0,83.8,B,9.600000000000001
722,male,1.9,91,7.5,Yes,No,No,61.2,70.7,C,9.4
723,female,2.6,81,7.3,No,Yes,No,82.7,69.9,D,9.9
724,male,6.4,91,4.6,Yes,Yes,Yes,81.6,93.7,A,11.0
725,male,3.2,79,5.4,Yes,Yes,No,78.6,84.9,B,8.600000000000001
726,male,3.8,83,6.5,Yes,No,No,91.8,100.0,A,10.3
727,male,4.8,85,6.4,Yes,Yes,No,69.0,97.5,A,11.2
728,male,4.2,75,5.3,Yes,Yes,No,77.8,88.0,B,9.5
729,male,3.7,92,7.3,Yes,Yes,No,63.0,85.0,B,11.0
730,female,4.0,79,7.1,Yes,No,No,99.4,98.9,A,11.1
731,male,7.1,82,6.6,Yes,No,No,93.8,100.0,A,13.7
732,male,3.4,75,5.9,No,No,No,70.1,85.0,B,9.3
733,male,3.8,59,8.1,No,No,No,74.6,74.3,C,11.899999999999999
734,female,5.1,83,8.8,Yes,No,No,86.3,99.6,A,13.9
735,female,5.2,100,6.2,Yes,No,Yes,68.2,79.8,C,11.4
736,male,5.3,92,6.1,Yes,Yes,No,62.1,91.3,A,11.399999999999999
737,female,4.5,84,7.4,No,Yes,No,80.5,95.0,A,11.9
738,male,1.8,82,6.4,Yes,No,Yes,70.9,66.6,D,8.200000000000001
739,male,6.0,85,6.6,Yes,Yes,No,72.2,93.1,A,12.6
740,female,1.8,90,7.7,Yes,Yes,No,60.0,81.8,B,9.5
741,male,4.0,73,4.5,Yes,No,No,49.4,62.9,D,8.5
742,female,2.4,96,8.4,Yes,Yes,No,72.8,94.0,A,10.8
743,female,3.4,92,6.9,Yes,No,Yes,80.9,85.0,B,10.3
744,male,4.0,92,6.3,Yes,No,Yes,67.3,82.4,B,10.3
745,male,4.0,89,6.7,Yes,Yes,No,87.2,89.5,B,10.7
746,female,4.1,85,6.8,Yes,No,Yes,61.6,83.3,B,10.899999999999999
747,male,5.9,91,4.7,Yes,Yes,Yes,57.3,100.0,A,10.600000000000001
748,male,4.2,90,8.6,No,Yes,No,69.2,92.4,A,12.8
749,male,3.1,81,6.8,Yes,Yes,No,69.0,77.0,C,9.9
750,female,4.9,79,7.3,No,No,No,79.2,95.1,A,12.2
751,female,5.3,86,7.9,Yes,No,No,60.7,88.8,B,13.2
752,male,1.7,100,5.6,Yes,Yes,Yes,86.4,93.2,A,7.3
753,female,4.4,72,7.4,Yes,No,Yes,93.6,96.4,A,11.8
754,female,4.6,70,6.5,Yes,Yes,No,69.5,67.2,D,11.1
755,female,3.1,86,7.8,Yes,No,No,85.0,84.6,B,10.9
756,female,5.6,85,4.2,Yes,Yes,Yes,57.3,89.8,B,9.8
757,female,3.3,86,6.7,Yes,No,No,82.9,90.3,A,10.0
758,male,3.7,87,6.1,Yes,Yes,Yes,82.6,82.5,B,9.8
759,male,3.2,82,7.3,Yes,Yes,No,80.4,84.5,B,10.5
760,male,3.5,99,7.4,No,Yes,Yes,69.8,72.1,C,10.9
761,female,1.9,69,6.0,Yes,No,Yes,34.5,53.2,F,7.9
762,female,1.3,76,5.9,No,Yes,Yes,62.3,74.0,C,7.2
763,male,5.9,84,6.7,Yes,No,No,62.5,96.8,A,12.600000000000001
764,female,2.2,68,5.7,Yes,Yes,No,58.3,81.2,B,7.9
765,male,2.0,83,7.8,Yes,Yes,No,71.5,85.4,B,9.8
766,male,0.5,100,6.4,Yes,Yes,No,65.0,81.1,B,6.9
767,male,2.5,85,3.3500000000000014,Yes,No,No,60.1,83.9,B,5.8
768,female,1.5,87,6.4,Yes,Yes,Yes,57.3,71.2,C,7.9
769,female,6.0,72,5.6,Yes,No,No,61.4,85.5,B,11.6
770,male,5.0,78,4.8,Yes,No,No,83.5,98.4,A,9.8
771,male,2.5,81,5.3,Yes,No,No,62.1,82.6,B,7.8
772,male,6.9,81,6.9,Yes,Yes,Yes,63.8,91.6,A,13.8
773,male,5.0,97,8.4,Yes,No,No,64.5,91.3,A,13.4
774,female,3.0,90,7.2,Yes,No,Yes,74.1,84.3,B,10.2
775,female,0.5,73,6.1,Yes,Yes,No,75.5,74.6,C,6.6
776,male,6.9,87,7.3,Yes,No,Yes,33.5,88.6,B,14.2
777,male,1.4,90,6.2,Yes,Yes,No,82.3,73.6,C,7.6
778,female,1.0,96,6.0,Yes,Yes,No,87.2,95.8,A,7.0
779,female,5.0,100,5.4,Yes,Yes,No,57.4,87.1,B,10.4
780,male,7.2,74,4.7,Yes,Yes,No,58.3,89.9,B,11.9
781,male,5.6,76,6.3,No,Yes,No,64.6,79.1,C,11.899999999999999
782,male,4.3,72,7.0,Yes,Yes,No,60.9,97.6,A,11.3
783,female,4.4,82,6.7,Yes,No,No,72.7,90.3,A,11.100000000000001
784,female,4.8,89,6.3,Yes,Yes,No,46.6,78.1,C,11.1
785,female,4.6,94,5.7,Yes,Yes,No,56.6,92.6,A,10.3
786,male,3.9,84,7.5,Yes,Yes,Yes,88.5,97.0,A,11.4
787,male,3.7,81,5.2,Yes,No,No,58.9,77.0,C,8.9
788,female,3.4,86,7.7,Yes,No,No,84.9,96.8,A,11.1
789,female,2.4,76,5.6,Yes,No,No,74.3,72.1,C,8.0
790,male,3.1,100,5.9,Yes,No,No,48.3,75.4,C,9.0
791,female,1.0,68,5.0,Yes,Yes,No,77.6,57.6,F,6.0
792,female,3.4,86,6.2,No,No,Yes,68.6,67.6,D,9.6
793,male,2.0,100,8.0,Yes,Yes,Yes,64.5,91.2,A,10.0
794,female,1.8,85,7.4,Yes,Yes,Yes,72.9,86.8,B,9.200000000000001
795,male,3.8,83,8.0,Yes,No,No,75.7,89.5,B,11.8
796,male,5.6,81,7.4,Yes,Yes,No,78.5,100.0,A,13.0
797,male,4.9,83,5.5,Yes,No,No,84.1,93.4,A,10.4
798,male,1.1,98,6.4,Yes,No,No,74.9,78.7,C,7.5
799,male,2.0,62,5.9,Yes,Yes,Yes,53.5,60.8,D,7.9
800,male,4.9,100,8.4,Yes,Yes,No,64.3,96.1,A,13.3
801,male,2.0,70,5.4,Yes,Yes,No,100.0,83.0,B,7.4
802,female,3.2,82,7.9,Yes,No,No,78.7,94.0,A,11.100000000000001
803,male,4.3,80,7.9,Yes,No,No,98.4,100.0,A,12.2
804,male,2.0,90,9.0,Yes,Yes,No,86.7,94.6,A,11.0
805,female,3.7,69,6.3,Yes,Yes,No,72.9,87.7,B,10.0
806,female,1.5,89,7.7,Yes,No,No,73.6,82.1,B,9.2
807,female,2.6,100,9.5,Yes,No,Yes,69.6,80.1,B,12.1
808,male,4.0,71,6.1,No,Yes,Yes,49.1,57.8,F,10.1
809,female,1.1,86,5.0,Yes,Yes,No,70.2,74.3,C,6.1
810,male,4.2,78,4.5,No,No,No,84.5,82.5,B,8.7
811,male,3.5,89,7.7,Yes,Yes,No,62.8,85.9,B,11.2
812,male,4.3,85,4.5,Yes,Yes,No,74.9,88.4,B,8.8
813,male,3.8,78,6.4,Yes,No,No,80.2,100.0,A,10.2
814,female,5.5,89,7.3,No,No,Yes,59.1,75.6,C,12.8
815,female,3.7,100,7.0,Yes,Yes,No,64.6,78.0,C,10.7
816,male,2.9,83,7.3,Yes,Yes,No,57.8,80.0,B,10.2
817,male,3.7,92,7.1,Yes,Yes,Yes,60.1,80.2,B,10.8
818,male,4.3,72,8.3,Yes,Yes,No,54.5,82.2,B,12.600000000000001
819,female,3.6,75,5.7,Yes,No,No,59.2,79.6,C,9.3
820,male,3.6,89,6.0,No,Yes,No,87.0,96.3,A,9.6
821,male,2.4,99,5.9,No,No,No,59.0,65.4,D,8.3
822,female,2.5,88,7.8,Yes,No,No,71.5,79.9,C,10.3
823,female,1.4,81,7.9,No,Yes,No,64.0,71.6,C,9.3
824,male,6.1,85,7.3,Yes,Yes,No,84.1,100.0,A,13.399999999999999
825,female,1.6,72,8.2,Yes,Yes,No,85.7,93.9,A,9.799999999999999
826,female,2.5,91,5.4,Yes,No,Yes,80.4,87.5,B,7.9
827,male,2.4,93,8.8,Yes,No,No,73.7,86.3,B,11.200000000000001
828,female,4.8,80,8.6,No,Yes,Yes,67.2,77.6,C,13.399999999999999
829,male,3.1,80,7.7,Yes,No,Yes,55.7,70.2,C,10.8
830,female,5.4,87,8.9,Yes,No,No,93.3,100.0,A,14.3
831,male,2.5,80,4.8,Yes,No,Yes,60.9,73.5,C,7.3
832,male,3.9,84,6.2,Yes,Yes,No,78.0,91.2,A,10.1
833,male,2.2,100,5.9,Yes,Yes,Yes,82.7,78.1,C,8.100000000000001
834,female,6.7,82,7.7,No,No,No,63.3,89.0,B,14.4
835,male,1.7,81,5.5,Yes,Yes,Yes,82.5,82.0,B,7.2
836,female,4.0,78,7.7,Yes,Yes,Yes,79.2,89.5,B,11.7
837,male,4.5,92,8.4,Yes,Yes,Yes,90.7,100.0,A,12.9
838,male,4.1,83,7.6,Yes,Yes,No,64.4,88.7,B,11.7
839,female,3.2,78,7.1,Yes,Yes,No,54.6,86.0,B,10.3
840,male,3.3,98,5.6,Yes,No,Yes,63.9,82.9,B,8.899999999999999
841,male,3.6,99,5.8,Yes,Yes,No,72.5,88.6,B,9.4
842,female,3.3,79,8.3,Yes,Yes,No,70.7,79.2,C,11.600000000000001
843,male,4.9,66,7.7,Yes,No,No,65.3,85.1,B,12.600000000000001
844,male,6.8,95,6.8,Yes,Yes,No,47.1,80.2,B,13.6
845,male,2.7,78,6.3,Yes,Yes,No,75.6,80.2,B,9.0
846,male,1.4,92,4.4,Yes,No,Yes,93.7,80.3,B,5.800000000000001
847,female,3.4,65,5.5,Yes,No,No,75.6,69.8,D,8.9
848,female,7.35,93,9.1,No,No,No,77.3,100.0,A,15.749999999999998
849,male,2.3,72,5.3,Yes,No,No,76.9,80.8,B,7.6
850,female,6.0,92,7.0,Yes,Yes,Yes,74.8,100.0,A,13.0
851,male,6.0,85,8.0,Yes,No,Yes,81.2,99.5,A,14.0
852,female,2.7,75,5.3,Yes,Yes,No,74.7,80.7,B,8.0
853,male,4.4,80,7.0,Yes,No,No,66.2,86.6,B,11.4
854,male,5.9,91,7.9,No,Yes,No,60.4,98.8,A,13.8
855,male,2.9,86,6.8,Yes,No,No,67.0,81.9,B,9.7
856,male,3.2,90,10.0,Yes,No,Yes,73.8,79.0,C,13.2
857,male,2.6,100,4.8,Yes,No,No,66.2,91.7,A,7.4
858,male,2.0,69,8.1,Yes,Yes,No,73.8,78.8,C,10.1
859,female,2.5,100,6.6,Yes,Yes,No,75.3,84.8,B,9.1
860,male,1.7,86,7.7,No,No,Yes,80.0,66.5,D,9.4
861,female,3.6,76,7.3,Yes,No,No,85.4,91.1,A,10.9
862,male,2.3,71,5.9,Yes,Yes,No,70.9,74.2,C,8.2
863,female,3.9,83,7.1,Yes,No,Yes,54.3,86.3,B,11.0
864,female,1.2,94,4.6,Yes,No,No,65.9,71.2,C,5.8
865,female,4.0,83,7.5,Yes,Yes,No,70.5,83.5,B,11.5
866,male,4.8,100,7.2,Yes,No,Yes,48.0,89.8,B,12.0
867,male,0.5,70,7.6,Yes,Yes,No,86.7,80.3,B,8.1
868,female,4.1,84,8.1,Yes,Yes,No,71.7,91.6,A,12.2
869,male,5.3,72,7.2,Yes,Yes,No,74.6,95.8,A,12.5
870,female,1.7,88,7.0,Yes,No,No,86.4,84.4,B,8.7
871,male,6.0,93,5.7,Yes,No,No,62.4,96.1,A,11.7
872,female,4.1,80,5.9,Yes,Yes,Yes,76.9,92.6,A,10.0
873,female,2.4,59,8.2,Yes,No,No,68.7,75.5,C,10.6
874,male,3.4,87,8.5,Yes,No,No,67.8,85.1,B,11.9
875,female,4.3,89,6.5,Yes,No,No,60.7,93.8,A,10.8
876,male,3.6,89,6.9,Yes,Yes,No,90.0,81.4,B,10.5
877,female,4.3,97,5.7,Yes,No,Yes,65.5,98.8,A,10.0
878,female,2.1,74,8.2,No,Yes,No,78.4,65.4,D,10.299999999999999
879,male,3.8,91,7.6,Yes,Yes,No,47.5,77.6,C,11.399999999999999
880,male,1.4,96,9.1,Yes,Yes,Yes,84.2,85.6,B,10.5
881,male,3.3,67,5.7,Yes,Yes,No,82.6,81.4,B,9.0
882,female,2.1,88,6.3,Yes,No,No,71.2,85.4,B,8.4
883,male,2.4,80,7.1,Yes,Yes,No,67.3,71.9,C,9.5
884,female,5.4,84,7.6,Yes,No,Yes,74.8,94.4,A,13.0
885,female,5.1,88,6.5,Yes,Yes,No,97.5,100.0,A,11.6
886,male,4.4,80,5.8,Yes,Yes,Yes,48.8,77.1,C,10.2
887,male,1.9,78,7.9,Yes,No,Yes,79.4,76.8,C,9.8
888,female,3.0,85,7.7,Yes,No,No,59.1,79.8,C,10.7
889,female,5.3,74,5.7,Yes,Yes,Yes,69.8,82.2,B,11.0
890,male,3.7,74,8.4,Yes,Yes,Yes,67.0,77.4,C,12.100000000000001
891,male,7.0,91,8.2,Yes,Yes,Yes,64.9,100.0,A,15.2
892,male,4.1,73,7.0,Yes,Yes,Yes,69.9,87.2,B,11.1
893,male,3.8,91,6.9,Yes,No,Yes,56.4,76.4,C,10.7
894,male,3.0,89,7.5,No,No,No,82.4,79.6,C,10.5
895,female,3.7,67,5.8,Yes,Yes,Yes,48.5,71.4,C,9.5
896,female,3.3,78,6.8,Yes,No,Yes,76.5,80.8,B,10.1
897,female,4.6,96,4.2,Yes,No,Yes,66.1,91.1,A,8.8
898,female,4.9,75,7.9,Yes,Yes,No,55.9,78.8,C,12.8
899,male,2.3,80,4.9,Yes,Yes,No,72.4,66.7,D,7.2
900,male,1.5,89,8.6,Yes,No,No,51.3,68.8,D,10.1
901,male,0.7,92,6.4,Yes,No,No,70.5,69.9,D,7.1000000000000005
902,female,4.3,82,6.5,Yes,Yes,No,52.9,80.7,B,10.8
903,female,1.8,79,6.0,Yes,Yes,No,75.5,73.3,C,7.8
904,male,0.5,99,6.5,No,Yes,Yes,58.9,68.8,D,7.0
905,male,4.1,100,8.5,Yes,No,No,64.6,90.8,A,12.6
906,female,7.2,94,3.8,Yes,Yes,No,73.5,100.0,A,11.0
907,female,3.5,85,8.3,Yes,Yes,No,60.7,85.0,B,11.8
908,male,4.8,76,7.2,Yes,No,Yes,69.3,86.0,B,12.0
909,male,3.6,76,5.4,Yes,No,No,51.8,73.1,C,9.0
910,female,3.4,90,5.5,Yes,No,Yes,77.6,87.6,B,8.9
911,male,4.9,89,8.8,Yes,Yes,Yes,91.2,96.5,A,13.700000000000001
912,male,3.1,99,5.7,Yes,Yes,No,100.0,100.0,A,8.8
913,male,3.9,91,5.4,No,Yes,No,71.1,82.1,B,9.3
914,female,4.0,70,8.2,Yes,Yes,No,79.5,80.3,B,12.2
915,female,2.5,95,7.2,Yes,No,No,48.6,76.9,C,9.7
916,female,5.0,75,5.7,No,Yes,Yes,88.0,81.7,B,10.7
917,female,3.2,81,7.1,Yes,Yes,Yes,79.3,88.1,B,10.3
918,female,2.4,87,5.6,Yes,Yes,Yes,64.2,88.1,B,8.0
919,female,4.3,100,8.1,Yes,Yes,No,84.8,97.3,A,12.399999999999999
920,female,2.2,100,8.1,Yes,No,Yes,66.9,83.4,B,10.3
921,male,3.5,91,7.4,Yes,Yes,Yes,64.5,72.8,C,10.9
922,male,3.5,83,7.2,Yes,Yes,No,75.7,90.5,A,10.7
923,male,5.1,90,8.9,Yes,Yes,Yes,57.2,83.8,B,14.0
924,male,4.2,93,6.8,Yes,Yes,No,82.3,93.1,A,11.0
925,male,3.5,81,5.4,Yes,Yes,No,57.3,71.2,C,8.9
926,male,4.7,100,7.3,Yes,No,No,57.4,95.3,A,12.0
927,male,5.6,87,9.3,Yes,No,No,59.1,99.6,A,14.9
928,female,4.3,90,5.6,Yes,No,No,79.1,92.4,A,9.899999999999999
929,female,3.5,91,6.4,Yes,No,Yes,62.6,75.4,C,9.9
930,male,1.5,89,7.3,Yes,No,No,53.8,80.8,B,8.8
931,male,1.9,93,6.7,Yes,No,No,62.7,72.9,C,8.6
932,female,3.0,78,5.6,Yes,Yes,Yes,69.6,63.7,D,8.6
933,male,2.6,79,8.1,Yes,Yes,Yes,55.8,75.3,C,10.7
934,male,3.2,74,9.6,Yes,Yes,No,56.2,71.7,C,12.8
935,female,3.6,89,7.0,Yes,No,No,95.3,100.0,A,10.6
936,male,4.3,92,5.7,Yes,No,No,59.7,83.3,B,10.0
937,female,3.4,89,4.9,Yes,No,No,66.1,85.6,B,8.3
938,male,4.2,100,7.1,No,Yes,Yes,65.6,93.1,A,11.3
939,female,3.6,84,8.1,Yes,No,No,64.9,77.3,C,11.7
940,female,0.5,91,7.4,Yes,Yes,No,77.5,74.8,C,7.9
941,female,2.1,74,6.8,Yes,Yes,Yes,81.4,76.7,C,8.9
942,male,3.3,81,6.1,No,Yes,No,66.3,85.3,B,9.399999999999999
943,female,1.7,92,5.5,Yes,Yes,No,55.2,68.6,D,7.2
944,male,4.4,93,7.8,Yes,Yes,No,85.3,96.4,A,12.2
945,male,5.8,82,7.9,Yes,Yes,Yes,68.9,95.7,A,13.7
946,male,5.3,84,4.9,Yes,Yes,No,90.8,96.1,A,10.2
947,male,3.2,69,8.7,Yes,No,No,43.1,70.4,C,11.899999999999999
948,female,5.7,81,7.5,Yes,No,No,72.3,85.8,B,13.2
949,female,3.7,93,8.5,No,No,No,93.0,100.0,A,12.2
950,male,3.0,90,5.2,No,Yes,Yes,65.8,65.8,D,8.2
951,male,2.6,90,5.2,No,No,No,67.3,72.4,C,7.800000000000001
952,female,3.0,85,6.6,Yes,No,No,73.5,83.6,B,9.6
953,male,2.9,85,7.4,Yes,Yes,Yes,63.3,89.5,B,10.3
954,female,3.8,78,9.0,Yes,Yes,No,66.3,77.9,C,12.8
955,male,3.7,92,7.6,Yes,Yes,No,65.9,100.0,A,11.3
956,male,3.5,89,6.5,Yes,Yes,No,62.5,88.3,B,10.0
957,female,4.2,89,5.6,Yes,No,Yes,84.7,93.5,A,9.8
958,male,5.3,79,8.3,Yes,No,No,75.5,89.0,B,13.600000000000001
959,female,4.9,63,5.6,Yes,Yes,No,73.0,87.6,B,10.5
960,male,1.3,96,8.8,Yes,No,No,79.7,80.5,B,10.100000000000001
961,male,0.5,80,6.5,Yes,No,No,66.8,75.4,C,7.0
962,male,4.9,76,8.7,Yes,No,No,60.7,80.7,B,13.6
963,female,1.4,91,7.6,Yes,Yes,Yes,62.8,73.0,C,9.0
964,male,3.2,81,6.6,Yes,No,No,70.0,78.4,C,9.8
965,male,1.7,95,6.2,Yes,Yes,No,57.3,69.5,D,7.9
966,male,0.8,91,6.4,Yes,No,No,64.0,76.2,C,7.2
967,male,4.3,91,7.3,Yes,Yes,Yes,63.8,90.0,A,11.6
968,female,4.6,71,6.9,Yes,Yes,No,95.5,100.0,A,11.5
969,female,2.6,97,6.1,Yes,No,No,36.7,60.0,D,8.7
970,male,0.5,87,6.6,Yes,Yes,No,67.8,78.3,C,7.1
971,female,2.7,81,6.9,Yes,Yes,Yes,90.7,100.0,A,9.600000000000001
972,male,4.1,86,4.2,No,Yes,Yes,71.5,75.6,C,8.3
973,male,1.3,67,7.3,Yes,No,No,79.0,84.1,B,8.6
974,male,3.8,89,5.6,No,Yes,Yes,71.2,77.9,C,9.399999999999999
975,female,3.5,74,5.4,Yes,No,No,62.0,67.9,D,8.9
976,female,4.4,71,4.8,Yes,Yes,Yes,43.1,67.0,D,9.2
977,female,3.7,69,4.6,No,Yes,No,72.5,80.9,B,8.3
978,female,2.0,96,5.2,Yes,Yes,No,60.7,72.1,C,7.2
979,female,5.3,78,5.9,Yes,Yes,No,60.4,83.0,B,11.2
980,female,3.3,100,9.1,Yes,Yes,No,64.0,93.9,A,12.399999999999999
981,female,3.5,79,6.2,Yes,Yes,No,90.9,91.4,A,9.7
982,female,2.1,67,7.0,No,No,Yes,98.9,79.7,C,9.1
983,female,2.8,73,7.3,Yes,No,Yes,72.6,77.7,C,10.1
984,male,2.2,97,7.0,Yes,Yes,No,64.4,85.0,B,9.2
985,female,3.2,83,6.7,Yes,Yes,No,55.9,75.4,C,9.9
986,female,6.1,79,5.4,Yes,No,No,75.6,96.4,A,11.5
987,female,1.4,86,8.5,Yes,Yes,No,91.4,81.8,B,9.9
988,female,1.1,90,9.0,Yes,Yes,No,67.0,85.8,B,10.1
989,female,5.7,96,4.8,Yes,No,No,41.5,80.9,B,10.5
990,female,3.2,99,5.6,Yes,No,Yes,78.0,93.9,A,8.8
991,female,2.5,81,6.5,Yes,No,No,81.8,81.9,B,9.0
992,female,5.1,71,5.6,Yes,Yes,No,51.0,80.4,B,10.7
993,female,2.6,80,7.4,Yes,Yes,No,72.1,78.8,C,10.0
994,female,6.2,87,5.9,Yes,No,No,75.4,92.7,A,12.100000000000001
995,female,4.5,75,9.4,Yes,Yes,No,69.1,79.1,C,13.9
996,male,2.8,75,8.2,Yes,Yes,No,60.5,70.7,C,11.0
997,male,6.7,88,7.1,No,Yes,No,82.2,99.5,A,13.8
998,female,2.6,84,8.0,Yes,Yes,Yes,65.2,79.2,C,10.6
999,female,4.6,85,8.1,No,No,Yes,52.2,82.2,B,12.7
1000,male,3.9,77,6.1,Yes,No,No,45.4,70.4,C,10.0
